"","endpoint","c0","c1","sigma11","sigma12","sigma21","sigma22"
"1","Death",-3.27875105883519,-0.282867912017788,0.00502778603007586,0.000954026848618248,0.000954026848618248,0.000380076771810463
